drug.id	drug.atc	drug.long
Drug-1	B	Bivalirudin
Drug-2	L	Goserelin
Drug-3	H	Desmopressin
Drug-4	H	Cetrorelix
Drug-5	L,S	Cyclosporine
Drug-6	H	Felypressin
Drug-7	H	Octreotide
Drug-8	-	Tetrahydrofolicacid
Drug-9	G	Levonorgestrel/Norgestrel
Drug-10	-	S-Adenosylmethionine
Drug-13	A	Biotin
Drug-14	N	Choline
Drug-17	A,B,S,G	Ascorbicacid
Drug-18	-	Spermine
Drug-23	-	Alpha-LinolenicAcid
Drug-27	A	Calcitriol
Drug-28	-	Xanthophyll
Drug-31	A	Riboflavin
Drug-32	-	N-Acetyl-D-glucosamine
Drug-33	V	Glutathione
Drug-34	-	Phosphatidylserine
Drug-36	A	Calcidiol
Drug-37	-	Pyridoxal
Drug-38	-	Creatine
Drug-43	A	Ergocalciferol
Drug-44	-	Dihomo-gamma-linolenicacid
Drug-45	-	L-Citrulline
Drug-47	B	FolicAcid
Drug-48	-	Icosapent
Drug-53	A	Pyridoxine
Drug-54	A	LipoicAcid
Drug-56	-	Aspartame
Drug-57	M	Cholecalciferol
Drug-58	B	Menadione
Drug-63	C	Pravastatin
Drug-64	N	Fluvoxamine
Drug-65	C	Valsartan
Drug-66	C	Ramipril
Drug-67	L	Masoprocol
Drug-68	R	Flunisolide
Drug-69	M	Baclofen
Drug-70/1169	N	Amphetamine/Dextroamphetamine
Drug-71	V	Pentagastrin
Drug-72	N	Nicotine
Drug-73	N	Cevimeline
Drug-74	N	Lorazepam
Drug-75	C	Esmolol
Drug-76	L	Bortezomib
Drug-77	N	Ethchlorvynol
Drug-78	N	Carbidopa
Drug-79	A	Phentermine
Drug-80	-	Indecainide
Drug-81	N	Tramadol
Drug-82	J,S,C	Vidarabine
Drug-83/1730	C,S	Betaxolol/Levobetaxolol
Drug-84	D,J	Fluconazole
Drug-85	J	Oseltamivir
Drug-86	D,J,S	Erythromycin
Drug-87	V	Hydroxocobalamin
Drug-89	M	Succinylcholine
Drug-90	G	Sildenafil
Drug-91	C	Dofetilide
Drug-92	P	Pyrimethamine
Drug-93	C	Reserpine
Drug-94	J,S	Azithromycin
Drug-95	B	Ticlopidine
Drug-96	D	Adapalene
Drug-97	C	Midodrine
Drug-98	C	Remikiren
Drug-99	A	Pantoprazole
Drug-100	C	Torasemide
Drug-101/972	N	Citalopram/Escitalopram
Drug-102	N	Eletriptan
Drug-103	C	Bethanidine
Drug-104	J,S	Moxifloxacin
Drug-105	A	Oxyphenonium
Drug-106	J	Nelfinavir
Drug-107	R	Isoetarine
Drug-108	A	Glimepiride
Drug-109	D	Diflorasone
Drug-110	J	Indinavir
Drug-112	C	Guanadrel
Drug-113	C	Lovastatin
Drug-114	N	Enflurane
Drug-115	J	Cefotiam
Drug-116	N	Pregabalin
Drug-117	N	Temazepam
Drug-118	C	Methyclothiazide
Drug-119	J	AminosalicylicAcid
Drug-120	N	Reboxetine
Drug-121	C	Milrinone
Drug-122	L	Pipobroman
Drug-123	-	Butabarbital
Drug-124	J	Nevirapine
Drug-125	D,G	Oxiconazole
Drug-126	D	Alclometasone
Drug-127	N	Butalbital
Drug-128	L	Cladribine
Drug-129	C	Ranolazine
Drug-130	A	Mesalazine
Drug-131	N	Ziprasidone
Drug-132	N	Methysergide
Drug-133	N	Cabergoline
Drug-134	D,J,S	Idoxuridine
Drug-135	D,J	Dapsone
Drug-136	G	Terconazole
Drug-137	N	Phenytoin
Drug-138	S	Medrysone
Drug-139	G,L	Diethylstilbestrol
Drug-140	D,A,G	Clotrimazole
Drug-142	J,D	Sulfanilamide
Drug-143/2236	J	Cycloserine/D-cycloserine
Drug-144	L	Anagrelide
Drug-145	L	Carmustine
Drug-146	J,S	Sulfisoxazole
Drug-147	C	Metoprolol
Drug-148	Q	Crotamiton
Drug-149	B	Dicoumarol
Drug-150	J	Cefmenoxime
Drug-151	N	Ropinirole
Drug-152	C	Isradipine
Drug-153	V	Diatrizoate
Drug-154	V	Betazole
Drug-155	N	Topiramate
Drug-156	J	Cefmetazole
Drug-157	C	Olmesartan
Drug-158	L	Amsacrine
Drug-159	R	Theophylline
Drug-160	B	Argatroban
Drug-161	H	Liothyronine
Drug-162	C	Disopyramide
Drug-163	C,D,N,R,S	Lidocaine
Drug-164	M	Pamidronate
Drug-165	D,R	Clemastine
Drug-166	A	Acarbose
Drug-167	N	Venlafaxine
Drug-168	G	ConjugatedEquineEstrogens
Drug-169	S	Travoprost
Drug-170	D	Amcinonide
Drug-171	N	Atomoxetine
Drug-172	L	Bleomycin
Drug-173	L	Chlorambucil
Drug-174	N	Etomidate
Drug-175	L	Raltitrexed
Drug-176	G	Etonogestrel
Drug-177	N	Morphine
Drug-178	N	Ropivacaine
Drug-179/815	N	Bupivacaine/Levobupivacaine
Drug-180	S	Dapiprazole
Drug-181	D,J	Penciclovir
Drug-182	-	Tenofovir
Drug-183	J	Flucloxacillin
Drug-184	J	Ertapenem
Drug-185	G	Desogestrel
Drug-186	L	Mitomycin
Drug-187	N	Talbutal
Drug-188	L	Bexarotene
Drug-189	C	Ibutilide
Drug-190	L	Vindesine
Drug-191	C	Chlorthalidone
Drug-192	N	Pentobarbital
Drug-193	N	ValproicAcid
Drug-194	J	Capreomycin
Drug-195	N	Zolmitriptan
Drug-196	N	Acetaminophen
Drug-197	L	Gefitinib
Drug-198	N	Codeine
Drug-199	J	Piperacillin
Drug-200	N	Dihydroergotamine
Drug-201	N	Amitriptyline
Drug-202	L	Floxuridine
Drug-203	N	Tolcapone
Drug-204	C,D,S	Fluorometholone
Drug-205	N	Glutethimide
Drug-206	N	Hydromorphone
Drug-207	C,M,S	Indomethacin
Drug-208	J	Ethambutol
Drug-209	A	Metformin
Drug-210	N	Methadone
Drug-211/2169/1961	C	Atenolol/R-Atenolol/S-Atenolol
Drug-212	P,D,B,S	Nitrofural
Drug-213	D	Pimecrolimus
Drug-214	A	Omeprazole
Drug-215	J	Pyrazinamide
Drug-216	N	Metixene
Drug-217/1342	R	Cetirizine/Levocetirizine
Drug-218	C	Diltiazem
Drug-219	N	Protriptyline
Drug-220	V	Aminohippuricacid
Drug-221	G	Alfuzosin
Drug-222	N	Trimethadione
Drug-223	A	Nitisinone
Drug-224	N	Clobazam
Drug-225	G	Megestrolacetate
Drug-226	L	Tioguanine
Drug-227	G	Methylergometrine
Drug-228	R	Buclizine
Drug-229	J	Aztreonam
Drug-230	N	Chlorzoxazone
Drug-231	L	Aminoglutethimide
Drug-232	P	Mefloquine
Drug-233	J	Sulfadiazine
Drug-234	A	Sapropterin
Drug-235	L	Vinorelbine
Drug-236	J	Anidulafungin
Drug-237	R	Doxylamine
Drug-239	C	Norepinephrine
Drug-240	J	Cidofovir
Drug-241	N	Mirtazapine
Drug-242	N	Meprobamate
Drug-243	C,S	Timolol
Drug-244	B	Treprostinil
Drug-245	C	Colestipol
Drug-246	N	Trihexyphenidyl
Drug-247	A	Palonosetron
Drug-248	G	Dydrogesterone
Drug-249	C	Mexiletine
Drug-250	V	Dexrazoxane
Drug-251/1680	C	Amlodipine/Levamlodipine
Drug-252	A	Oxyphencyclimine
Drug-253	C	Triamterene
Drug-254	L	Valrubicin
Drug-255	N	Procyclidine
Drug-256	R	Phenylephrine
Drug-257	H	Carbimazole
Drug-258	C	Digoxin
Drug-259	N	Sulpiride
Drug-260	N	Ethopropazine
Drug-261	C	Nimodipine
Drug-262	A,D,R	Beclomethasonedipropionate
Drug-263	M	Carisoprodol
Drug-264	G	Progesterone
Drug-265	A,R	Phenylpropanolamine
Drug-266	L	Sorafenib
Drug-267	M	Zoledronicacid
Drug-268	D	Griseofulvin
Drug-269	C	Nisoldipine
Drug-270/995	N	Eszopiclone/Zopiclone
Drug-271	V	Ceruletide
Drug-272	N	Alprazolam
Drug-273/665	R	Dexbrompheniramine/Brompheniramine
Drug-274	D	GentianViolet
Drug-275	N	Loxapine
Drug-276	N	Remoxipride
Drug-277	R	Mupirocin
Drug-278	N,S	Carbachol
Drug-279	A	Rosiglitazone
Drug-280	N	Pramipexole
Drug-281	J,S	Ampicillin
Drug-282	J	Phenoxymethylpenicillin
Drug-283	N	Secobarbital
Drug-284	A	Miglustat
Drug-285	N	Promazine
Drug-286	C	Spironolactone
Drug-287/1378	N	Methylphenidate/Dexmethylphenidate
Drug-288	M	Methocarbamol
Drug-289	N	Zolpidem
Drug-290	J,S	Famciclovir
Drug-291	R	Triprolidine
Drug-292	L	Streptozocin
Drug-293	G	CarboprostTromethamine
Drug-294	J	Cefpiramide
Drug-295	S	Trifluridine
Drug-296	N	Prochlorperazine
Drug-297	R	Cyproheptadine
Drug-298	R	NitricOxide
Drug-299	C	Bendroflumethiazide
Drug-300	M	Allopurinol
Drug-301	J	Ceftazidime
Drug-302	J	Trimethoprim
Drug-303	L	Gemcitabine
Drug-304	J	Entecavir
Drug-305	A,C,D,H,R,S	Betamethasone
Drug-306	L	Teniposide
Drug-307/810	L	Epirubicin/Doxorubicin
Drug-308	D,J,S,G	Chloramphenicol
Drug-309	A	Lansoprazole
Drug-310	S	Dipivefrin
Drug-311	N	Droperidol
Drug-312/364	C,H	Levothyroxine/Dextrothyroxine
Drug-313	D,J,A,B,R,S	Framycetin/Neomycin
Drug-314	N	Pethidine
Drug-315	R	Loratadine
Drug-316	J	Cefalotin
Drug-317	C	Prazosin
Drug-318	N	Imipramine
Drug-319	D	Acitretin
Drug-320	S	Verteporfin
Drug-321	M	Nabumetone
Drug-322	A,N,S	Methylscopolaminebromide
Drug-323	C	SodiumTetradecylSulfate
Drug-324	M,S	Ketorolac
Drug-325	J	Enoxacin
Drug-326/728	M/P,C	Quinine/Quinidine
Drug-327	M	Tenoxicam
Drug-328	A	Dronabinol
Drug-329	R	Montelukast
Drug-330	N	Fluoxetine
Drug-331	N	Hexylcaine
Drug-332	N	Methohexital
Drug-333	N	Duloxetine
Drug-334	N	Chlorpromazine
Drug-335	J	Rimantadine
Drug-336	D,J,S	Amikacin
Drug-337	L	Lenalidomide
Drug-338	G	Raloxifene
Drug-339	L,M	Celecoxib
Drug-340	-	GallamineTriethiodide
Drug-341	S	Brimonidine
Drug-342	J	Dicloxacillin
Drug-343	A	Nabilone
Drug-344	J	Pefloxacin
Drug-345	L	Altretamine
Drug-346	C	Sotalol
Drug-347	N	Buspirone
Drug-348	A	Miglitol
Drug-349	C	Fosinopril
Drug-350	J	Cefotaxime
Drug-351	N	Entacapone
Drug-352	J,S	Zidovudine
Drug-353	G	Darifenacin
Drug-354	N	Oxycodone
Drug-355	B	Phenindione
Drug-356	L	Flutamide
Drug-357	M	Tolmetin
Drug-358	A	Cimetidine
Drug-359	N	Haloperidol
Drug-360	J	Ritonavir
Drug-361	-	Levallorphan
Drug-362	P	Nitazoxanide
Drug-363	N	Triflupromazine
Drug-365	C	Acetyldigitoxin
Drug-366	J,A	Vancomycin
Drug-367	B	AminocaproicAcid
Drug-368	R	Dextromethorphan
Drug-369	L	Cisplatin
Drug-370	-	Bentoquatam
Drug-371	-	AnisotropineMethylbromide
Drug-372	P	Albendazole
Drug-373	C	Trandolapril
Drug-374	J	Caspofungin
Drug-375	C,S	Carteolol
Drug-377	C	Metolazone
Drug-378	D	Tolnaftate
Drug-379	L	Oxaliplatin
Drug-380	C,D,N,S	Cinchocaine
Drug-381	C	Lercanidipine
Drug-382	J	Foscarnet
Drug-383	L	Erlotinib
Drug-384	L	Cyclophosphamide
Drug-385	-	Chlormerodrin
Drug-386	J	Cefdinir
Drug-388	J,S	Ciprofloxacin
Drug-389	V	Gadoversetamide
Drug-390	L	Toremifene
Drug-391	N	Nortriptyline
Drug-392	L	Vincristine
Drug-393	C	Benazepril
Drug-394	N	Amoxapine
Drug-395	L	Fluorouracil
Drug-396	N	Pyridostigmine
Drug-397	N	Adinazolam
Drug-398	D	Desoximetasone
Drug-399	D	AzelaicAcid
Drug-400	R	Zafirlukast
Drug-401	H	Propylthiouracil
Drug-402	G	AcetohydroxamicAcid
Drug-403	L	Pentostatin
Drug-404	D	Methoxsalen
Drug-405	M,S	Piroxicam
Drug-406	N	Lamotrigine
Drug-407	-	Perflutren
Drug-408	N	Hydroxyzine
Drug-409	J	Zanamivir
Drug-410	C	Bosentan
Drug-411	R	Doxapram
Drug-412	C	Benzthiazide
Drug-413/1899	L	Methotrexate/Amethopterin(R,S)
Drug-414	N	Carbamazepine
Drug-415	-	Cisatracuriumbesylate
Drug-416	-	Succimer
Drug-417	J	Cephalexin
Drug-418	N	Cinnarizine
Drug-419	-	Fondaparinuxsodium
Drug-420	L	Vinblastine
Drug-421	C	Propranolol
Drug-422	M	Fenoprofen
Drug-423	C,N,S	Clonidine
Drug-424	J,D,S,B	Sulfamethizole
Drug-425	J	Valaciclovir
Drug-426	J	Carbenicillin
Drug-427	A	Mazindol
Drug-429	J	Voriconazole
Drug-430	A	L-Carnitine
Drug-431	C	Enalapril
Drug-432	A	Nizatidine
Drug-433	D,M,S	Diclofenac
Drug-434	-	Cinalukast
Drug-435	D	FluticasonePropionate
Drug-436	G	Lisuride
Drug-437	C	Doxazosin
Drug-438	C,D,S	FluocinoloneAcetonide
Drug-439	P	Piperazine
Drug-440	N	Ethosuximide
Drug-441	C	Amiloride
Drug-442	D	Ulobetasol
Drug-443	V	Gadoteridol
Drug-444	C	Labetalol
Drug-445	N	Thiopental
Drug-446	D	Monobenzone
Drug-447	J	Linezolid
Drug-448	P,Q	Ivermectin
Drug-449	G	Medroxyprogesteroneacetate
Drug-450	A	Cisapride
Drug-451	M	Sulindac
Drug-452	C	Cyclothiazide
Drug-453	J	Nafcillin
Drug-454	P,N	Chloroquine
Drug-455	J	Ethionamide
Drug-456	C	Metaraminol
Drug-457	N	Butorphanol
Drug-458	C	Bisoprolol
Drug-459	P	Amodiaquine
Drug-460	G	Furazolidone
Drug-461	J	Rifabutin
Drug-462	N	Paramethadione
Drug-463	L	Imatinib
Drug-464	A,D,H,R,S	Triamcinolone
Drug-465	A	Oxandrolone
Drug-466	C	Nicardipine
Drug-467	N	Fluphenazine
Drug-468	G	Testosterone
Drug-469	J	Efavirenz
Drug-470	D,J,R	Bacitracin
Drug-471	C	Niacin
Drug-472	-	Clorazepate
Drug-473	C	Guanabenz
Drug-474	M	Alendronicacid
Drug-475	L	Clofarabine
Drug-476	D	Docosanol
Drug-477	N	Dexmedetomidine
Drug-478	S	Sulfacetamide
Drug-479	A,H	Prednisone
Drug-480	C	Clofibrate
Drug-481	R	Astemizole
Drug-482	G	Butoconazole
Drug-484	C	Simvastatin
Drug-485	L	Pemetrexed
Drug-486	P	Mebendazole
Drug-487	V	Gonadorelin
Drug-488	N,R	Dyclonine
Drug-489	D,A,G	Nystatin
Drug-490/1423	N	Dextropropoxyphene/Levopropoxyphene
Drug-491	L	Mitotane
Drug-492	J	Stavudine
Drug-493	V	Leucovorin
Drug-494	R	Dyphylline
Drug-495	N	Pentazocine
Drug-497	S	Latanoprost
Drug-498	G	Estrone
Drug-499	A,N	Trazodone
Drug-500	C	Mecamylamine
Drug-501	V	Sevelamer
Drug-502	N	Acamprosate
Drug-503	-	Metaxalone
Drug-504	C	Verapamil
Drug-505	R	Trimethobenzamide
Drug-506	D	Flumethasone
Drug-507	J	Sulfametopyrazine
Drug-508	L	Nilutamide
Drug-509	H	Nafarelin
Drug-510	-	HistaminePhosphate
Drug-511/2267	R/A,B,C,R,S	Epinephrine/RacepinephrineHCl
Drug-512	N	Sumatriptan
Drug-513	A	Pirenzepine
Drug-514	J	Cefixime
Drug-515	A	Chlorpropamide
Drug-516	A	Aprepitant
Drug-517	N	Galantamine
Drug-518	L	Tamoxifen
Drug-519	P	BenzylBenzoate
Drug-520	-	Isoflurophate
Drug-521	C	Losartan
Drug-522	N	Thioridazine
Drug-523	C	Moricizine
Drug-524	J,A,G	AmphotericinB
Drug-525	B	Warfarin
Drug-526	N	Midazolam
Drug-527	J,S	Tobramycin
Drug-528	C	PentosanPolysulfate
Drug-529	H	Fludrocortisone
Drug-530	-	Mycophenolatemofetil
Drug-531	-	Cephaloglycin
Drug-532	N	Flurazepam
Drug-533	C	Moexipril
Drug-534	V	Phentolamine
Drug-535	S	Fluorescein
Drug-536	L	Daunorubicin
Drug-537	C	Furosemide
Drug-538	N	Ergotamine
Drug-539	M	Tizanidine
Drug-540	J	Nitrofurantoin
Drug-541	C	Nicergoline
Drug-542	C	Eplerenone
Drug-543	J	Amprenavir
Drug-544	S	Methazolamide
Drug-545	A	Naltrexone
Drug-546	J	Delavirdine
Drug-547	G	Tamsulosin
Drug-548	N	Sufentanil
Drug-549	J	Lamivudine
Drug-550	M	Ibandronate
Drug-551	P	Diethylcarbamazine
Drug-552	M,S,R	Flurbiprofen
Drug-553	J	Oxacillin
Drug-554	G	Apomorphine
Drug-555	N	Paroxetine
Drug-556	S	Nedocromil
Drug-557	G	Norethisterone
Drug-558	J	AdefovirDipivoxil
Drug-559	R	Azatadine
Drug-560	-	Clodronate
Drug-561	C,N,S	Procaine
Drug-562	C	Lisinopril
Drug-563	C	Methoxamine
Drug-564	D	Imiquimod
Drug-565	A	HomatropineMethylbromide
Drug-566	N	Trimipramine
Drug-567	C	Nitroglycerin
Drug-568	M	Rocuronium
Drug-569	A	DiphemanilMethylsulfate
Drug-570	D,P	Thiabendazole
Drug-571	M	Atracuriumbesylate
Drug-572	V	Pralidoxime
Drug-573	N	Risperidone
Drug-574	D	Naftifine
Drug-575	M	Esomeprazole
Drug-576	R	Meclizine
Drug-577	P	Pentamidine
Drug-578	J	Hetacillin
Drug-579	N	Riluzole
Drug-580	A,C,D,H,S,	Hydrocortisone
Drug-581	B	Mannitol
Drug-582	V	Gadobenicacid
Drug-583	R	Zileuton
Drug-584/1353	N	Modafinil/Armodafinil
Drug-585	V	Deferoxamine
Drug-586	R	Carbinoxamine
Drug-587	M	Etodolac
Drug-588	N	Prilocaine
Drug-589	R	Epinastine
Drug-590	N	Tranylcypromine
Drug-591	N	Isoflurane
Drug-592	N	Ethotoin
Drug-593/1858/376/797	D,L	Tretinoin/Retinoicacid/Alitretinoin/Isotretinoi
Drug-594	D	Hexachlorophene
Drug-595	B	Clopidogrel
Drug-596	J	Meropenem
Drug-597	L	Irinotecan
Drug-598	H	Methimazole
Drug-599	D,R	Mometasone
Drug-600	C	Metyrosine
Drug-601	J	Clavulanate
Drug-602	R,S	Olopatadine
Drug-603	-	Hydrocortamate
Drug-604	C,G	Alprostadil
Drug-605	P	Malathion
Drug-606	L	Etoposide
Drug-607	C	Hydroflumethiazide
Drug-608	B	Tirofiban
Drug-609	N	Oxcarbazepine
Drug-610	N	Propiomazine
Drug-611	J	Roxithromycin
Drug-612	J	NalidixicAcid
Drug-613	N	Phenelzine
Drug-614	J	PolymyxinBSulfate
Drug-615	A	Propantheline
Drug-616	G,L	Estradiol
Drug-617	M	Mefenamicacid
Drug-618	-	Marimastat
Drug-619	D,J,S	Acyclovir
Drug-620	G,M	Naproxen
Drug-621	-	Gadopentetatedimeglumine
Drug-622	C	Perindopril
Drug-623	-	Uracilmustard
Drug-624	D,R	Tripelennamine
Drug-625	D	Haloprogin
Drug-626	N	Primidone
Drug-627	C	Candesartan
Drug-628	C,M	Tolazoline
Drug-629	S	Gentamicin
Drug-630	D	Tazarotene
Drug-631	C	Fenoldopam
Drug-632	N	Halazepam
Drug-633	N	Alfentanil
Drug-634	A	Dicyclomine
Drug-635	N	Minaprine
Drug-636	C	Pentoxifylline
Drug-637	S	Proparacaine
Drug-638	C	Indapamide
Drug-639	S	Tropicamide
Drug-640	N	Biperiden
Drug-641	J	Ribavirin
Drug-642	M	Phenylbutazone
Drug-643	N	Fentanyl
Drug-644	M	Meloxicam
Drug-645	-	Sodiumlaurylsulfate
Drug-647	J	Rosoxacin
Drug-648	N	Propofol
Drug-649	S	Acetazolamide
Drug-650	G	Tadalafil
Drug-651	Q	Carprofen
Drug-652	P,N	Disulfiram
Drug-653	G	Ethynodioldiacetate
Drug-654	-	Enprofylline
Drug-655	-	Menthol
Drug-656	D	Natamycin
Drug-657	J	Cinoxacin
Drug-658	J	Fosfomycin
Drug-659	N	Diazepam
Drug-660	-	Phenmetrazine
Drug-661	N	Trifluoperazine
Drug-662	N	Phensuximide
Drug-663	J	Cefaclor
Drug-664	G	Mifepristone
Drug-666	A	Loperamide
Drug-667	D	Clocortolone
Drug-668	A	Tolazamide
Drug-669	C	Dobutamine
Drug-670	N	Oxazepam
Drug-671	N	Donepezil
Drug-672	N	Nalbuphine
Drug-673	J	Clofazimine
Drug-674	D	Flurandrenolide
Drug-675	S	Cysteamine
Drug-676	N	Methylphenobarbital
Drug-677	N	Perphenazine
Drug-678/1104	R	Pseudoephedrine/Ephedrine
Drug-679	L	Temozolomide
Drug-680	-	Levorphanol
Drug-681	L	Aminolevulinicacid
Drug-682	D	Chlorphenesin
Drug-683	D	Terbinafine
Drug-684	-	Drostanolone
Drug-685	M	Penicillamine
Drug-686	A,C,D,H,R,S	Prednisolone
Drug-687	N	Diflunisal
Drug-688	G	Vardenafil
Drug-689	A	Ranitidine
Drug-690	D	Tacrolimus
Drug-691	-	Benzphetamine
Drug-692	C	Alprenolol
Drug-693	G	Ritodrine
Drug-694	R	Benzonatate
Drug-695	S	Dorzolamide
Drug-696	M	Suprofen
Drug-697	R	Terbutaline
Drug-698	C	Conivaptan
Drug-699	S	Loteprednol
Drug-700	R	Guaifenesin
Drug-701	N	Flupentixol
Drug-702	C	Eprosartan
Drug-703	S	Sirolimus
Drug-704	A,D,R,D,B,S	Chlorhexidine
Drug-705	J	Emtricitabine
Drug-706	C	Chlorothiazide
Drug-707	C	Quinapril
Drug-708	G	Clomifene
Drug-709	C	IsosorbideDinitrate
Drug-710	M	Risedronate
Drug-711	-	Pemirolast
Drug-712	C	Bumetanide
Drug-713	L	Mechlorethamine
Drug-714	G	Dienestrol
Drug-715	J	Sulfapyridine
Drug-716	D,S	Oxybuprocaine
Drug-717	-	Testolactone
Drug-718	H,S	Rimexolone
Drug-719	N	Triazolam
Drug-720	N	Remifentanil
Drug-721	J	Didanosine
Drug-722	R	Methdilazine
Drug-723	C	Etacrynicacid
Drug-724	A	Ondansetron
Drug-725	S	Bimatoprost
Drug-726	N	Tiagabine
Drug-727	S	Cocaine
Drug-729	N	Zonisamide
Drug-730	H	Paricalcitol
Drug-731	J,P	Tinidazole
Drug-732	A	Repaglinide
Drug-733	N	Anileridine
Drug-734	A	Phenformin
Drug-735	N	Amantadine
Drug-736	D,J,P,A,G	Metronidazole
Drug-737	G	Dinoprostone
Drug-738	N	Almotriptan
Drug-739	J	Spectinomycin
Drug-740	R,S	Ketotifen
Drug-741	N	Buprenorphine
Drug-742	C	Levosimendan
Drug-743	J	Ceforanide
Drug-744	M	Cyclobenzaprine
Drug-745	C	Phenoxybenzamine
Drug-746	A	Famotidine
Drug-747/2125	L	Azacitidine/Azacytidine-5
Drug-748	A,G	Misoprostol
Drug-749	J	Tipranavir
Drug-750	N	Mesoridazine
Drug-751	N	Maprotiline
Drug-752	R,S	Oxymetazoline
Drug-753	N	Salicylicacid
Drug-754	A	Diethylpropion
Drug-755	R	Salmeterol
Drug-756	M	Meclofenamicacid
Drug-757	A	Methantheline
Drug-758	M	Hexafluronium
Drug-759	-	Cycrimine
Drug-760	J	Zalcitabine
Drug-761	S	Demecarium
Drug-762	A,B,N,	Acetylsalicylicacid
Drug-763	B	Phenprocoumon
Drug-764	L	Fulvestrant
Drug-765	J	Mezlocillin
Drug-766	N	Felbamate
Drug-767	R	Fexofenadine
Drug-768	J	Isoniazid
Drug-769	N	Naratriptan
Drug-770	N	Rizatriptan
Drug-771	J	Dirithromycin
Drug-772	S	Netilmicin
Drug-773	R	Hydrocodone
Drug-774	G	Norgestimate
Drug-775	L	Carboplatin
Drug-776	D,H,	Methylprednisolone
Drug-777	C	Pindolol
Drug-778	N	Mepivacaine
Drug-779	N	Zaleplon
Drug-780	S	Bromfenac
Drug-781	S	Apraclonidine
Drug-782	C	Telmisartan
Drug-783	R	Desloratadine
Drug-784	C	Methyldopa
Drug-785	A	Alosetron
Drug-786	L	Dactinomycin
Drug-787	R,S	Azelastine
Drug-788	C	Ezetimibe
Drug-789	-	EdeticAcid
Drug-790	B	Dipyridamole
Drug-791	J	Telithromycin
Drug-792	G,L	EthinylEstradiol
Drug-793	J,S	Lomefloxacin
Drug-794	S	Cyclopentolate
Drug-795	N	Ramelteon
Drug-798/1059	R	Formoterol/Arformoterol
Drug-799	R	Nandrolonephenpropionate
Drug-800/2059	A	Glycopyrronium/Glycopyrrolate
Drug-801	L	Cytarabine
Drug-802	C	Dopamine
Drug-803	N	Rivastigmine
Drug-804	L	Exemestane
Drug-805	M	Oxaprozin
Drug-806	L	Methylaminolevulinate
Drug-807	L	Azathioprine
Drug-808	M	Auranofin
Drug-809	N	Gabapentin
Drug-811	N	Frovatriptan
Drug-812	C	Hydrochlorothiazide
Drug-813	-	Cyclacillin
Drug-814/1770	R	Salbutamol/Levosalbutamol
Drug-816	D	Cromoglicicacid
Drug-817	J,S	Ganciclovir
Drug-818	L	Hydroxyurea
Drug-819	L	Letrozole
Drug-820	D,G	Tioconazole
Drug-821	L	Busulfan
Drug-822/1663	M	Ketoprofen/Dexketoprofen
Drug-823	N	Edrophonium
Drug-824	V	Metyrapone
Drug-825	H	Cinacalcet
Drug-826	D	Clobetasolpropionate
Drug-827	J	Sulfamethoxazole
Drug-828	A	Glyburide
Drug-829	C	Guanfacine
Drug-830	N	Bethanechol
Drug-831	C	IsosorbideMononitrate
Drug-832	C	Trichlormethiazide
Drug-833	B	Phylloquinone
Drug-834	C	Felodipine
Drug-835	L	Mycophenolicacid
Drug-836	A	Amlexanox
Drug-837	D,J,G	Ketoconazole
Drug-838	N	Methoxyflurane
Drug-839	C	Irbesartan
Drug-840	L	Topotecan
Drug-841	-	Ethinamate
Drug-842	M	Probenecid
Drug-843	L	Mercaptopurine
Drug-844	-	Cerulenin
Drug-845	C	Procainamide
Drug-846	G	Tolterodine
Drug-847	N	Selegiline
Drug-848	C	Fenofibrate
Drug-849	L	Thalidomide
Drug-850	L	Melphalan
Drug-851	N	Memantine
Drug-852	J,S	Gatifloxacin
Drug-853	A	Lubiprostone
Drug-854	C,D	Fluocinonide
Drug-855	J	Abacavir
Drug-856	C	Ergoloidmesylate
Drug-857	C,G,M	Ibuprofen/Dexibuprofen
Drug-858	Q	Novobiocin
Drug-859	J,S	Benzylpenicillin
Drug-860	C	Nitrendipine
Drug-861	-	Mimosine
Drug-862	C	Tocainide
Drug-863	-	Echothiophate
Drug-864	P	Praziquantel
Drug-865	J,S	Norfloxacin
Drug-866	J	Amoxicillin
Drug-867	J	Azlocillin
Drug-868	G	Oxybutynin
Drug-869	N	Acetophenazine
Drug-870/2149/2241	C,R	Isoprenaline/Isoproterenol(+)-bitartratesalt/Isoproterenolhydrochloride
Drug-871	N	Melatonin
Drug-872	J	Cefditoren
Drug-873	A	Glipizide
Drug-874	N	Clonazepam
Drug-875	D,R	Promethazine
Drug-876	A	Dihydrotachysterol
Drug-877	R	Mequitazine
Drug-878	J	Atazanavir
Drug-879	L	Fludarabine
Drug-880	C	Perhexiline
Drug-881	D,N,R	Diphenhydramine
Drug-882	C	Atorvastatin
Drug-883	M	Etidronicacid
Drug-884	C	Deslanoside
Drug-885	N	Vigabatrin
Drug-886	A	Diphenoxylate
Drug-887	J,A	Streptomycin
Drug-888	A	Orlistat
Drug-889	S	Emedastine
Drug-890	N,S	Pilocarpine
Drug-891	C,D,N,R	Benzocaine
Drug-892	P	Primaquine
Drug-893	B	Iloprost
Drug-894	C	Deserpidine
Drug-895	C	Pentolinium
Drug-896	D	Butenafine
Drug-897	C	Ouabain
Drug-898	-	Hesperetin
Drug-899	C	Fluvastatin
Drug-900	P	Oxamniquine
Drug-901	L	Leflunomide
Drug-902	C	Rosuvastatin
Drug-903	D,J	Flucytosine
Drug-904	N	Pimozide
Drug-905	L	Capecitabine
Drug-906	C	Arbutamine
Drug-907	P	Quinacrine
Drug-908	N	Sertraline
Drug-909	A	Sibutramine
Drug-910	N	Methyprylon
Drug-911	H	Trilostane
Drug-912	D,J,A,G,S	Miconazole
Drug-913	-	Colistimethate
Drug-914	J	Cefuroxime
Drug-915	A,G	Papaverine
Drug-916	R	Chlorphenamine
Drug-917	C	Nifedipine
Drug-918	C	Trimethaphan
Drug-919	C	Amiodarone
Drug-920	C,V	Diazoxide
Drug-921	A	Gliclazide
Drug-922	N	Phenacemide
Drug-923	N	Ambenonium
Drug-924	-	Proflavine
Drug-925	A,V	Tolbutamide
Drug-926	-	Anisindione
Drug-927	G	Dutasteride
Drug-928	D,G	Econazole
Drug-929	L	Bicalutamide
Drug-930	A,M	Rabeprazole
Drug-931	D	Prednicarbate
Drug-932	P	Proguanil
Drug-933	A	Pioglitazone
Drug-934	M	Tiludronate
Drug-935	M	Doxacuriumchloride
Drug-936	C	Carvedilol
Drug-937/962	J/J,S	Levofloxacin/Ofloxacin
Drug-938	M	Sulfinpyrazone
Drug-939	J	Cefapirin
Drug-940	J	Cefadroxil
Drug-941	J	Micafungin
Drug-942	N	Doxepin
Drug-943	V	Amifostine
Drug-944	S	Diclofenamide
Drug-945	J	Sulfoxone
Drug-946	R	Diphenylpyraline
Drug-947	J	Cloxacillin
Drug-948	G	Flavoxate
Drug-949	N	Nefazodone
Drug-950	J	Cefprozil
Drug-951	N	Desipramine
Drug-952	D	Sertaconazole
Drug-953	-	Thiamylal
Drug-954	J	Gemifloxacin
Drug-955	N	Bupropion
Drug-956	P	Trimetrexate
Drug-957	C	Bretylium
Drug-958	N	Halothane
Drug-959	-	DinoprostTromethamine
Drug-960	N	Chloroprocaine
Drug-961	G	Terazosin
Drug-963	B	Cilostazol
Drug-964	J	Itraconazole
Drug-965	L	Procarbazine
Drug-966	L	Arsenictrioxide
Drug-967	C,S	Guanethidine
Drug-968	N	Moclobemide
Drug-969	J,S,A	Kanamycin
Drug-970	M,N	Orphenadrine
Drug-971	N	Phenobarbital
Drug-973	R	Cyclizine
Drug-974	L	Idarubicin
Drug-975	M	Chlormezanone
Drug-976/2081	D	Podofilox/Podophyllotoxin
Drug-977	C	Rescinnamine
Drug-978	L	Ifosfamide
Drug-979	C	Propafenone
Drug-980	V	Naloxone
Drug-981	A	Domperidone
Drug-982	G	Fluoxymesterone
Drug-983	N	Pergolide
Drug-984	-	Iophendylate
Drug-985	D,G	Ciclopirox
Drug-986	N	Desflurane
Drug-987	D,J,G	Clindamycin
Drug-988	A	Dexfenfluramine
Drug-989	-	Oxymorphone
Drug-990	C	Acebutolol
Drug-991	S	Brinzolamide
Drug-992	C	Flecainide
Drug-993	L	Estramustine
Drug-994	C	Captopril
Drug-996	M	Tubocurarine
Drug-997	G,N	Bromocriptine
Drug-998	N	Levetiracetam
Drug-999	C	Nadolol
Drug-1000	L	Mitoxantrone
Drug-1001	V	Flumazenil
Drug-1002	L	Lomustine
Drug-1003	-	Ridogrel
Drug-1004	J	Sparfloxacin
Drug-1005	N	Dezocine
Drug-1006	S	Levobunolol
Drug-1007	J	Clarithromycin
Drug-1008	J	Ceftriaxone
Drug-1009	V	Fomepizole
Drug-1010	C	Metipranolol
Drug-1011	N	Estazolam
Drug-1012	D,G	Finasteride
Drug-1013	L	Anastrozole
Drug-1014	P	Halofantrine
Drug-1015	M	Dantrolene
Drug-1016	D,A	Rifaximin
Drug-1017	N	Ketamine
Drug-1018	A,D,R	Budesonide
Drug-1019	R	Aminophylline
Drug-1020	N	Quetiapine
Drug-1021	M	Mivacurium
Drug-1022/1147	N	LevomethadylAcetate/MethadylAcetate
Drug-1023	C	Encainide
Drug-1024	L	Paclitaxel
Drug-1025	A	Diphenidol
Drug-1026	J	Saquinavir
Drug-1027	A	Metoclopramide
Drug-1028	A,C,D,H,R,S	Dexamethasone
Drug-1029	N	Levodopa
Drug-1030	N	Sevoflurane
Drug-1031	R	Bromodiphenhydramine
Drug-1032	N	Aripiprazole
Drug-1033	N	Chlorprothixene
Drug-1034	B	Epoprostenol
Drug-1035	C	Gemfibrozil
Drug-1036	N	Clomipramine
Drug-1037	D,J,D	Chloroxine
Drug-1038	C	Bepridil
Drug-1039	M	Decamethonium
Drug-1040	R	Alimemazine
Drug-1041	N	Isocarboxazid
Drug-1042	L	Docetaxel
Drug-1043	V	Iodixanol
Drug-1044	A	Gliquidone
Drug-1045	A	Mitiglinide
Drug-1046	G	Ergonovine
Drug-1047	L	Dasatinib
Drug-1048	N	Lisdexamfetamine
Drug-1049	L	Lapatinib
Drug-1050	D	Desonide
Drug-1051	A	Sitagliptin
Drug-1052	L	Decitabine
Drug-1053	J	Posaconazole
Drug-1054	J	Darunavir
Drug-1055	J	Telbivudine
Drug-1056	N	Paliperidone
Drug-1057	L	Sunitinib
Drug-1058	N	Varenicline
Drug-1060	C	Hydralazine
Drug-1061	L	Nelarabine
Drug-1062	H	Carbetocin
Drug-1063	M	Lumiracoxib
Drug-1064	H	Tetracosactide
Drug-1065	G,R	Fenoterol
Drug-1066	A	Glisoxepide
Drug-1067	R	Pirbuterol
Drug-1068	-	BismuthSubsalicylate
Drug-1069	C	Bevantolol
Drug-1070	M	Glucosamine
Drug-1071	C	Practolol
Drug-1072	-	Sulfacytine
Drug-1073	Q	Sulfadoxine
Drug-1074	J	Fosamprenavir
Drug-1075	N	Fosphenytoin
Drug-1076	J	Josamycin
Drug-1077	C	Polythiazide
Drug-1078	C	Quinethazone
Drug-1079	J	Cefamandole
Drug-1080	J	Cefazolin
Drug-1081	J	Cefonicid
Drug-1082	J	Cefoperazone
Drug-1083	J	Cefotetan
Drug-1084	J	Cefoxitin
Drug-1085	J	Ceftizoxime
Drug-1086	J	Cefradine
Drug-1087	M	Metocurine
Drug-1088	M	Pancuronium
Drug-1089	M	Pipecuronium
Drug-1090	M	Vecuronium
Drug-1091	C	Cilazapril
Drug-1092	-	Quinidinebarbiturate
Drug-1093	C	Spirapril
Drug-1094	C	Tasosartan
Drug-1095	N	Amobarbital
Drug-1096	N	Aprobarbital
Drug-1097	N	Butethal
Drug-1098	N	Heptabarbital
Drug-1099	N	Hexobarbital
Drug-1100	G,L	Mestranol
Drug-1101	C	Penbutolol
Drug-1102	J	Troleandomycin
Drug-1103	V	Iohexol
Drug-1105	C	Mephentermine
Drug-1106	R	Procaterol
Drug-1107	N	Rasagiline
Drug-1108	-	Quinupristin
Drug-1109	-	Aluminiummonostearate
Drug-1110	H,S	Cortisoneacetate
Drug-1111	A	Glycodiazine
Drug-1112	H	Paramethasone
Drug-1113	G	Yohimbine
Drug-1114	C	Bezafibrate
Drug-1115	M	Colchicine
Drug-1116	G	Drospirenone
Drug-1117	C	Digitoxin
Drug-1118	-	Magnesiumsalicylate
Drug-1119	N	Salsalate
Drug-1120	N,S	Neostigmine
Drug-1121	-	Trisalicylate-choline
Drug-1122	N	Methotrimeprazine
Drug-1123	G	Danazol
Drug-1124	R	Clenbuterol
Drug-1125	R	Bambuterol
Drug-1126	R	Ciclesonide
Drug-1127	R	Pranlukast
Drug-1128	C,R	Theobromine
Drug-1129	J	Cefepime
Drug-1130	J	Cefacetrile
Drug-1131	J	Ceftibuten
Drug-1132	J	Cefpodoxime
Drug-1133	B	Acenocoumarol
Drug-1134	-	Antrafenine
Drug-1135	G	TestosteronePropionate
Drug-1136	A	Paromomycin
Drug-1137	J	Nitroxoline
Drug-1138	R	Stepronin
Drug-1139	N	Aminophenazone
Drug-1140	A	Alizapride
Drug-1141	C	Ajmaline
Drug-1142	C	Amrinone
Drug-1143	-	Oxybenzone
Drug-1144	C	Aprindine
Drug-1145	R	Almitrine
Drug-1146	G	Allylestrenol
Drug-1148	N,S	Antipyrine
Drug-1149	A	Alfacalcidol
Drug-1151	G	Phenazopyridine
Drug-1152	-	GammaHydroxybutyricAcid
Drug-1153	N	Heroin
Drug-1154	N	Fencamfamine
Drug-1155	S	Ethylmorphine
Drug-1156	N	Fenethylline
Drug-1157	N	Camazepam
Drug-1158	A	Difenoxin
Drug-1159	-	Delorazepam
Drug-1160	N	Flunitrazepam
Drug-1161	N	Ethylloflazepate
Drug-1162	-	Fenproporex
Drug-1163	N	Dihydrocodeine
Drug-1164	N	Cloxazolam
Drug-1165	N	Bromazepam
Drug-1166	N	Clotiazepam
Drug-1167	N	Chloralhydrate
Drug-1168	N	Fludiazepam
Drug-1170	N	Methamphetamine
Drug-1171	V	Metrizamide
Drug-1172	-	Phendimetrazine
Drug-1173	C	Oxprenolol
Drug-1174	J,D	Sulfamerazine
Drug-1175	J	Sulfamethazine
Drug-1176	-	Liotrix
Drug-1177/1413	A	Ursodeoxycholicacid/Chenodeoxycholicacid
Drug-1178	N	Ketazolam
Drug-1179	N	Prazepam
Drug-1180	N	Quazepam
Drug-1181	L	Everolimus
Drug-1182	G	Solifenacin
Drug-1183	N	Cinolazepam
Drug-1184	N	Nitrazepam
Drug-1185	-	Cilastatin
Drug-1186	J	Imipenem
Drug-1187	C	Probucol
Drug-1188	M	Tiaprofenicacid
Drug-1189	J	Lopinavir
Drug-1190	J	Bacampicillin
Drug-1191	J	Meticillin
Drug-1192	J	Pivampicillin
Drug-1193	J	Pivmecillinam
Drug-1194	J	Tazobactam
Drug-1195	J	Ticarcillin
Drug-1196	N	Propericiazine
Drug-1197	J	Valganciclovir
Drug-1198	P	Hydroxychloroquine
Drug-1199	V	AmylNitrite
Drug-1200	C	ErythritylTetranitrate
Drug-1201	N	Acepromazine
Drug-1202	-	Aceprometazine
Drug-1203	A	Alverine
Drug-1204	N	Molindone
Drug-1205	R	Phenindamine
Drug-1206	R	Pheniramine
Drug-1207	N	Pipotiazine
Drug-1208	N	Thioproperazine
Drug-1209	N	Thiothixene
Drug-1210	N	Zuclopenthixol
Drug-1211	A	Isopropamide
Drug-1212	C	Pargyline
Drug-1213	J	Lincomycin/Lincomycinhydrochloride
Drug-1214	M	Etoricoxib
Drug-1216	R	Roflumilast
Drug-1217	A	Prasterone
Drug-1218	D	Cetrimonium
Drug-1219	-	Camphor
Drug-1220	-	Dalfopristin
Drug-1221	-	Benzophenone
Drug-1222	G	Equilin
Drug-1224	-	Thymol
Drug-1225	L	Vorinostat
Drug-1226	H	Terlipressin
Drug-1227	A	CholicAcid
Drug-1228	A	Nicotinamide
Drug-1229	D,J,S	FusidicAcid
Drug-1230	N	Oxitriptan
Drug-1231	S	Acetylcholine
Drug-1232	-	Flavinadeninedinucleotide
Drug-1233	-	Oteracil
Drug-1234	D	Phenol
Drug-1235	-	Hemin
Drug-1236	J	Ribostamycin
Drug-1237	-	DeoxycholicAcid
Drug-1240	-	OleicAcid
Drug-1241	-	GluconicAcid
Drug-1242	R	Carbocisteine
Drug-1245	M	NiflumicAcid
Drug-1246	J	Latamoxef
Drug-1247	D	Trioxsalen
Drug-1248	L	Thiotepa
Drug-1249	G	Estriol
Drug-1250	-	Estronesulfate
Drug-1251	-	Quinestrol
Drug-1252	V	Iodipamide
Drug-1253	M	Nimesulide
Drug-1254	P	Suramin
Drug-1255	D	Bifonazole
Drug-1256	R	Clofedanol
Drug-1257	C	Cyclandelate
Drug-1258	G	Cyproteroneacetate
Drug-1259	C	Debrisoquin
Drug-1260	N	Flunarizine
Drug-1261	N	Fluspirilene
Drug-1262	A	Mepenzolate
Drug-1263	N	Tetrabenazine
Drug-1264	L	Ixabepilone
Drug-1265	C	Celiprolol
Drug-1266	M	Febuxostat
Drug-1267	C	Dronedarone
Drug-1268	C	Nebivolol
Drug-1269	L	Omacetaxinemepesuccinate
Drug-1270	L	Nilotinib
Drug-1271	A	Lorcaserin
Drug-1272	A	Vildagliptin
Drug-1273	-	Voacamine
Drug-1274	A	Voglibose
Drug-1275	C	Enoximone
Drug-1276	-	Bepotastine
Drug-1277	H	Vapreotide
Drug-1278/1512	N	Milnacipran/Levomilnacipran
Drug-1279	B	Ximelagatran
Drug-1280	G	Flibanserin
Drug-1281	J	Oritavancin
Drug-1282	C	Clevidipine
Drug-1283	P	Permethrin
Drug-1284	D	Afamelanotide
Drug-1285	G	Ospemifene
Drug-1286	-	Tamibarotene
Drug-1287	N	Iloperidone
Drug-1288	N	Lofexidine
Drug-1289	N	Ezogabine
Drug-1290	-	Lucanthone
Drug-1291	D	IngenolMebutate
Drug-1292	L	Belinostat
Drug-1293	M	Ataluren
Drug-1294	R	Indacaterol
Drug-1295	L	Trabectedin
Drug-1296	-	Crisaborole
Drug-1297	-	Cobimetinib
Drug-1298	D	Silversulfadiazine
Drug-1299	N	Methsuximide
Drug-1300	-	Galliumnitrate
Drug-1301	-	Ecabet
Drug-1302	R	Ibudilast
Drug-1303	N	Rotigotine
Drug-1304	L	Vandetanib
Drug-1305	-	WF10
Drug-1306	J	Telaprevir
Drug-1307	L	Apremilast
Drug-1308	L	Abiraterone
Drug-1309	A	Obeticholicacid
Drug-1310	N	Sertindole
Drug-1311	J	Spiramycin
Drug-1312	J,D	Sulfathiazole
Drug-1313	N	Mianserin
Drug-1314	J	Sulfadimethoxine
Drug-1315	R,S,V	Acetylcysteine
Drug-1316	A	Rimonabant
Drug-1317	L	Romidepsin
Drug-1318	B	Icatibant
Drug-1319	N	Rufinamide
Drug-1320	G	Lasofoxifene
Drug-1321	A	Alogliptin
Drug-1322	N	Tapentadol
Drug-1323	V	Sugammadex
Drug-1324	G	Silodosin
Drug-1325	B	Prasugrel
Drug-1326	J	Doripenem
Drug-1327	C	Tolvaptan
Drug-1328	C	Regadenoson
Drug-1329	N	Asenapine
Drug-1330	N	Lacosamide
Drug-1331	J	Dalbavancin
Drug-1332	B	Rivaroxaban
Drug-1333	G	Avanafil
Drug-1334	D	Eflornithine
Drug-1335	-	Incadronicacid
Drug-1336	-	Hexaminolevulinate
Drug-1337	C	Droxidopa
Drug-1338	L	Amrubicin
Drug-1339	G	Udenafil
Drug-1340	C	Sitaxentan
Drug-1341	A	Alvimopan
Drug-1343	L	Temsirolimus
Drug-1344	N	Amisulpride
Drug-1345	J	Simeprevir
Drug-1346	A	Dapagliflozin
Drug-1347	A	Saxagliptin
Drug-1348	G	Bazedoxifene
Drug-1349	J	Telavancin
Drug-1350	C	Ambrisentan
Drug-1351	H	Doxercalciferol
Drug-1352	A	Oxymetholone
Drug-1354	J	Etravirine
Drug-1355	B	Cangrelor
Drug-1356	A	Prucalopride
Drug-1357	L	Pazopanib
Drug-1358	J	Ceftarolinefosamil
Drug-1359	N	Agomelatine
Drug-1360	L	Panobinostat
Drug-1361	B	Apixaban
Drug-1362	-	Peramivir
Drug-1363	L	Bosutinib
Drug-1364	N	Flupirtine
Drug-1365	-	Isavuconazonium
Drug-1366	N	Dalfampridine
Drug-1367	H	Pasireotide
Drug-1368	N	Vilazodone
Drug-1369	C	EthanolamineOleate
Drug-1370	D,R	Mepyramine
Drug-1371	R,S	Xylometazoline
Drug-1372	B	Dabigatranetexilate
Drug-1373	J	Arbekacin
Drug-1374	P	Artemether
Drug-1375	N	Betahistine
Drug-1376	L	Degarelix
Drug-1377	N	Desvenlafaxine
Drug-1379	G	Fesoterodine
Drug-1380	V	Gadobutrol
Drug-1381	V	Iobenguane
Drug-1382	V	Gadofosvesettrisodium
Drug-1383	A	Isometheptene
Drug-1384	R	Levonordefrin
Drug-1385	P	Lumefantrine
Drug-1386	N	Methacholine
Drug-1387	G	Methyltestosterone
Drug-1388	R,S	Naphazoline
Drug-1389	C	Nilvadipine
Drug-1390	G	Norelgestromin
Drug-1391	-	Propylhexedrine
Drug-1392	-	Fospropofol
Drug-1393	-	Fosaprepitant
Drug-1394	A	Stanozolol
Drug-1396	M	Lornoxicam
Drug-1397	J,S	Sulfaphenazole
Drug-1398	G	Gestodene
Drug-1399	M	Aceclofenac
Drug-1400	-	Zaltoprofen
Drug-1401	N	Ketobemidone
Drug-1402	A	Drotaverine
Drug-1403	A	Glycinebetaine
Drug-1404	R,S	Tetryzoline
Drug-1405	S	Alcaftadine
Drug-1406	-	Ammoniumlactate
Drug-1407	L	Bendamustine
Drug-1409	S	Besifloxacin
Drug-1410	L	Cabazitaxel
Drug-1411/1623	M	Capsaicin/Zucapsaicin
Drug-1412	A	CarglumicAcid
Drug-1414	D	Difluprednate
Drug-1415	V	Dimercaprol
Drug-1416	H	Ganirelix
Drug-1417	D	Halcinonide
Drug-1418	A	Hexocyclium
Drug-1419	L	Histrelin
Drug-1420	G	Hydroxyprogesteronecaproate
Drug-1421	H	Lanreotide
Drug-1422	V	Lanthanumcarbonate
Drug-1424	S	Lodoxamide
Drug-1425	D	Mafenide
Drug-1426	V	Mangafodipir
Drug-1427	J	Hexamethylenetetramine
Drug-1428	A	Methylnaltrexone
Drug-1429	S	Nepafenac
Drug-1430	P	Niclosamide
Drug-1431	-	Nonoxynol-9
Drug-1432	L	Plerixafor
Drug-1433	L	Plicamycin
Drug-1434	C	Polidocanol
Drug-1435	L	Pralatrexate
Drug-1436	P	Pyrvinium
Drug-1437	J	Raltegravir
Drug-1438	A	Sodiumphenylbutyrate
Drug-1439	D	Sulconazole
Drug-1440	R	Tiopronin
Drug-1441	-	Triethylenetetramine
Drug-1442	L	Triptorelin
Drug-1443	S	Unoprostone
Drug-1444	J	Viomycin
Drug-1445	R	Tranilast
Drug-1446	M	Parecoxib
Drug-1447	D	Triclosan
Drug-1448	P	Diloxanide
Drug-1449	J	Azidocillin
Drug-1450	R	Pipazethate
Drug-1451	N	Salicylamide
Drug-1452	J	Sulfamoxole
Drug-1453	R	Antazoline
Drug-1454	D,R	Chloropyramine
Drug-1455	R	Dimetindene
Drug-1456	D	Isothipendyl
Drug-1457	R	Tymazoline
Drug-1458	-	Nandrolonedecanoate
Drug-1459	A	Roxatidineacetate
Drug-1460	C	Bopindolol
Drug-1461	C	Bupranolol
Drug-1462	-	Cinitapride
Drug-1463	N	Tofisopam
Drug-1464	B	Triflusal
Drug-1465	N	Lurasidone
Drug-1466	B	Ticagrelor
Drug-1467	S	Hyaluronicacid
Drug-1468	S	Tafluprost
Drug-1469	R	Ivacaftor
Drug-1470	C	Azilsartanmedoxomil
Drug-1471	-	Spinosad
Drug-1472	V	IoflupaneI-123
Drug-1473	V	Deferiprone
Drug-1474	C	Lomitapide
Drug-1475	L	Vismodegib
Drug-1476	-	Tauroursodeoxycholicacid
Drug-1477	R,S	SpaglumicAcid
Drug-1478	N	Acetylcarnitine
Drug-1479	-	Hydroxyproline
Drug-1480	C	Pitavastatin
Drug-1481	-	Rilpivirine
Drug-1482	L	Crizotinib
Drug-1483	G	Ulipristal
Drug-1484	L	Fingolimod
Drug-1485	L	Eribulin
Drug-1486	J	Boceprevir
Drug-1487	A	Fidaxomicin
Drug-1488	L	Cabozantinib
Drug-1489	L	Ruxolitinib
Drug-1490	L	Vemurafenib
Drug-1491	A	Linagliptin
Drug-1492	N	Perampanel
Drug-1493	V	Gadoxeticacid
Drug-1494	-	Icosapentethyl
Drug-1495	L	Carfilzomib
Drug-1496	A	Linaclotide
Drug-1497	G	Mirabegron
Drug-1498	L	Tofacitinib
Drug-1499	L	Regorafenib
Drug-1500	R	Aclidinium
Drug-1501	L	Ponatinib
Drug-1502	J	Bedaquiline
Drug-1503	L	Formestane
Drug-1504	R	Fluticasonefuroate
Drug-1505	A	Canagliflozin
Drug-1506	N	Dimethylfumarate
Drug-1507	A	GlycerolPhenylbutyrate
Drug-1508	L	Pomalidomide
Drug-1509	L	Trametinib
Drug-1510	L	Dabrafenib
Drug-1511	L	Afatinib
Drug-1513	-	Perospirone
Drug-1514	-	Amfecloral
Drug-1515	P	Arsthinol
Drug-1516	J	Dolutegravir
Drug-1517	C	Riociguat
Drug-1518	C	Macitentan
Drug-1519	D	Luliconazole
Drug-1520	J	Sofosbuvir
Drug-1521	R	Chlorcyclizine
Drug-1522	C	Isoxsuprine
Drug-1523	D,G	Isoconazole
Drug-1524	R	Isoaminile
Drug-1525	V	Iopanoicacid
Drug-1526	V	Iopamidol
Drug-1527	C	Ifenprodil
Drug-1528	R	Hexoprenaline
Drug-1529	A	Hexetidine
Drug-1530	G	Gemeprost
Drug-1531	R	Fusafungine
Drug-1532	N	Fursultiamine
Drug-1533	N	Dimetotiazine
Drug-1534	-	Fominoben
Drug-1535	D	Fluprednidene
Drug-1536	D	Fluocortolone
Drug-1537	-	Flucloroloneacetonide
Drug-1538	P	Flubendazole
Drug-1539	N	Floctafenine
Drug-1540	R	Fenspiride
Drug-1541	M	Fenbufen
Drug-1542	-	Etozoline
Drug-1543	C	Etofibrate
Drug-1544	M	Etofenamate
Drug-1545	N	Etidocaine
Drug-1546	R	Eprazinone
Drug-1547	N	Epirizole
Drug-1548	M	Eperisone
Drug-1549	-	Enviomycin
Drug-1550	B	Ditazole
Drug-1551	C	Diosmin
Drug-1552	N	Dimetacrine
Drug-1553	-	Demexiptiline
Drug-1554	N	Cyamemazine
Drug-1555	R	Cloperastine
Drug-1556	-	Clocapramine
Drug-1557	-	Clinofibrate
Drug-1558	J	Cephaloridine
Drug-1559	N	Articaine
Drug-1560	B	Carbazochrome
Drug-1561	N	Captodiame
Drug-1562	C	Canrenoicacid
Drug-1563	N	Butriptyline
Drug-1564	N	Brotizolam
Drug-1565	A	Bromopride
Drug-1566	R	Bromhexine
Drug-1567	A	Bisacodyl
Drug-1568	N	Benzoctamine
Drug-1569	C	Aliskiren
Drug-1570	J	Ledipasvir
Drug-1571	-	Cytisine
Drug-1572	B	Vorapaxar
Drug-1573	L	Miltefosine
Drug-1574	-	Suvorexant
Drug-1575	A	Empagliflozin
Drug-1576	A	Eliglustat
Drug-1577	D	Efinaconazole
Drug-1578	-	Tavaborole
Drug-1579	J	TedizolidPhosphate
Drug-1580	-	Finafloxacin
Drug-1581	-	Netupitant
Drug-1582	A	Naloxegol
Drug-1583	J	Ceftolozane
Drug-1584	L	Ibrutinib
Drug-1585	L	Idelalisib
Drug-1586	-	Avibactam
Drug-1587	-	Cannabidiol
Drug-1588	L	Ceritinib
Drug-1589	J	Cobicistat
Drug-1590	N	Vortioxetine
Drug-1591	C	Trimetazidine
Drug-1592	G	Tibolone
Drug-1593	N	Tasimelteon
Drug-1594	L	Palbociclib
Drug-1595	L	Olaparib
Drug-1596	-	Edoxaban
Drug-1597	R	Umeclidinium
Drug-1598	L	Lenvatinib
Drug-1599	L	Nintedanib
Drug-1600	R	Olodaterol
Drug-1601	N	Idebenone
Drug-1602	R	Vilanterol
Drug-1603	C	Ivabradine
Drug-1604	A,G,M	Benzydamine
Drug-1605	C,D,N,S	Tetracaine
Drug-1606	-	Eugenol
Drug-1607	A	Trimebutine
Drug-1608	A	Pinaverium
Drug-1609	A	Tixocortol
Drug-1610	-	Xanthinol
Drug-1611	-	Podophyllin
Drug-1612	D	Difluocortolone
Drug-1613	D	Benzoylperoxide
Drug-1614	G	Quinagolide
Drug-1615	H	Somatostatin
Drug-1616	J	Elvitegravir
Drug-1617	J	Daclatasvir
Drug-1618	R	Colfoscerilpalmitate
Drug-1619	G	Diiodohydroxyquinoline
Drug-1620	N	Paraldehyde
Drug-1621	N	Stiripentol
Drug-1622	N	Eslicarbazepineacetate
Drug-1624	G	Dienogest
Drug-1625	G	Medrogestone
Drug-1626	A	PotassiumCitrate
Drug-1627	N	Brexpiprazole
Drug-1628	V	Gadotericacid
Drug-1629	V	Iothalamicacid
Drug-1630	V	Ioversol
Drug-1631	V	Ioxilan
Drug-1632	-	Isosulfanblue
Drug-1633	V	TechnetiumTc99mMebrofenin
Drug-1634	-	TechnetiumTc99mOxidronate
Drug-1635	V	Sincalide
Drug-1636	L	Sonidegib
Drug-1637	-	Uridinetriacetate
Drug-1638	B	Ironsaccharate
Drug-1639	V	Florbetaben(18F)
Drug-1640	V	Florbetapir(18F)
Drug-1641	V	Fludeoxyglucose(18F)
Drug-1642	V	Flutemetamol(18F)
Drug-1644	V	Iopromide
Drug-1645	-	Trypanblue
Drug-1646	-	Trisodiumcitratedihydrate
Drug-1647	V	FerricCitrate
Drug-1648	N	Etizolam
Drug-1649	N	Dosulepin
Drug-1650	J	Dasabuvir
Drug-1651	N	Viloxazine
Drug-1652	N	Etoperidone
Drug-1653	-	Lorpiprazole
Drug-1654	-	Mepiprazole
Drug-1655	-	Lobeglitazone
Drug-1656	-	Arotinolol
Drug-1657	C,G	Moxisylyte
Drug-1658	R	Pholcodine
Drug-1659	N	Piracetam
Drug-1660	-	Limaprost
Drug-1661	-	Loxoprofen
Drug-1664	M	Droxicam
Drug-1665	M	TolfenamicAcid
Drug-1666	M	Clonixin
Drug-1667	A	Bisoxatin
Drug-1668	C	Nicorandil
Drug-1669	-	Polaprezinc
Drug-1670	-	Blonanserin
Drug-1671	N	Melperone
Drug-1672	N	Zotepine
Drug-1673	C	Barnidipine
Drug-1674	-	Aranidipine
Drug-1675	-	Azelnidipine
Drug-1676	C	Benidipine
Drug-1677	C	Cilnidipine
Drug-1678	-	Efonidipine
Drug-1679	C	Lacidipine
Drug-1681	C	Moxonidine
Drug-1682	-	Hydracarbazine
Drug-1683	N	Pirlindole
Drug-1684	N	Toloxatone
Drug-1685	L	Tegafur
Drug-1686	-	Gimeracil
Drug-1687	-	Imidafenacin
Drug-1688	M	Strontiumranelate
Drug-1689	A	Picosulfuricacid
Drug-1690	-	Phenylaceticacid
Drug-1691	-	Eluxadoline
Drug-1692	R	Doxofylline
Drug-1693	P	Artesunate
Drug-1694	A	BismuthSubcitrate
Drug-1695	-	CholineC11
Drug-1696	C	Fimasartan
Drug-1697	R	Lumacaftor
Drug-1698	C	Molsidomine
Drug-1699	C	Trapidil
Drug-1700	C	Imolamine
Drug-1701	M	Morniflumate
Drug-1702	N	Pipamperone
Drug-1703	N	Propacetamol
Drug-1704	N	Tianeptine
Drug-1705	-	Ramosetron
Drug-1706	-	Rolapitant
Drug-1707	C	Sacubitril
Drug-1708	-	Talniflumate
Drug-1709	J	Ombitasvir
Drug-1710	J	Tenofoviralafenamide
Drug-1711	-	Setiptiline
Drug-1712	V	Ioxaglicacid
Drug-1713	J	Procainebenzylpenicillin
Drug-1714	J	Benzathinebenzylpenicillin
Drug-1715	J	Sulbactam
Drug-1716	-	Tegafur-uracil
Drug-1717	-	Osimertinib
Drug-1718	-	Kappadione
Drug-1719	V	Iopodicacid
Drug-1720	C	Mersalyl
Drug-1721	V	Tyropanoicacid
Drug-1723	N	Propoxycaine
Drug-1724	-	Tipiracil
Drug-1725	C,D	Pramocaine
Drug-1726	V	Metrizoicacid
Drug-1727	V	Acetrizoicacid
Drug-1728	-	beta-Propiolactone
Drug-1729	-	Piperonylbutoxide
Drug-1731	-	Hydroxyamfetamine
Drug-1732	A,D,S	Dexpanthenol
Drug-1733	-	Indocyaninegreen
Drug-1735	V	Protirelin
Drug-1736	-	IndiumIn-111pentetatedisodium
Drug-1737	-	IndiumIn-111oxyquinoline
Drug-1738	-	Enalaprilat
Drug-1739	R	Acrivastine
Drug-1740	-	Avobenzone
Drug-1741	D	Hydroquinone
Drug-1742	-	Ecamsule
Drug-1743	L	Ixazomib
Drug-1746	A	Methylcellulose
Drug-1747	-	Pyroglutamate
Drug-1748	-	Levomefolicacid
Drug-1749	R	Guaiacol
Drug-1750	B	Selexipag
Drug-1751	-	Alectinib
Drug-1752	L	Pidotimod
Drug-1753	J	Cefroxadine
Drug-1754	M	Lesinurad
Drug-1755	-	Elbasvir
Drug-1756	-	Grazoprevir
Drug-1757	-	Venetoclax
Drug-1758	M	Thiocolchicoside
Drug-1759	D	Thimerosal
Drug-1760	R	Bilastine
Drug-1761	V	Levoleucovorin
Drug-1762	R	Normethadone
Drug-1763	-	Oxilofrine
Drug-1764	-	Lifitegrast
Drug-1765	-	Velpatasvir
Drug-1766	R	Rupatadine
Drug-1767	D,R,G	Dequalinium
Drug-1768	G	Gestrinone
Drug-1769	-	Rucaparib
Drug-1771	-	Parachlorophenol
Drug-1772	-	Esculin
Drug-1773	L	Azaguanine-8
Drug-1774	D	Allantoin
Drug-1776	A	Isoflupredoneacetate
Drug-1777	Q	Amproliumhydrochloride
Drug-1778	A	Sulfaguanidine
Drug-1779	C	Meticrane
Drug-1782	N,C	Heptaminolhydrochloride
Drug-1783	C,D	Minoxidil
Drug-1784	G	Norethynodrel
Drug-1785	J	Thiamphenicol
Drug-1787	-	Antipyrine,4-hydroxy
Drug-1788	C	Hexamethoniumdibromidedihydrate
Drug-1789	M	Isoxicam
Drug-1791	C	Amyleinehydrochloride
Drug-1792	P	Trichlorfon
Drug-1793	A	Acetohexamide
Drug-1794	C	Oxethazaine
Drug-1795	Q	Moranteltartrate
Drug-1796	-	Todralazinehydrochloride
Drug-1797	M	Adipheninehydrochloride
Drug-1800	J	Moroxidinehydrochloride
Drug-1801	N	Khellin
Drug-1802	N	Zimelidinedihydrochloridemonohydrate
Drug-1803	N	Azacyclonol
Drug-1804	G	Lynestrenol
Drug-1806	A	Acetylsalicylsalicylicacid
Drug-1807	L	Nocodazole
Drug-1808	G,N	R(-)Apomorphinehydrochloridehemihydrate
Drug-1809	N	Nomifensinemaleate
Drug-1810/2160	N	Dizocilpinemaleate/MK801hydrogenmaleate
Drug-1811	B	Picotamidemonohydrate
Drug-1812	A	Dehydrocholicacid
Drug-1815	R	Terfenadine
Drug-1821	M	Gallaminetriethiodide
Drug-1822	J	Dihydrostreptomycinsulfate
Drug-1823	R	Pentylenetetrazole
Drug-1824	J,P,G	Ornidazole
Drug-1825	D,J,S,G	Oxytetracyclinedihydrate
Drug-1826	C	Etofylline
Drug-1828	N	Iproniazidephosphate
Drug-1829	M	Mephenesin
Drug-1830	A	Ampyrone
Drug-1831/1963	P	Levamisolehydrochloride/Tetramisolehydrochloride
Drug-1833	L	Catharanthine
Drug-1834	-	Aminopurine,6-benzyl
Drug-1835	J	Oxolinicacid
Drug-1837	L	Camptothecine(S,+)
Drug-1839	D,H	Tiratricol,3,3',5-triiodothyroaceticacid
Drug-1840	M	Flufenamicacid
Drug-1841	J	Flumequine
Drug-1843	P	Fenbendazole
Drug-1844	P	Pyranteltartrate
Drug-1845	N	Mefexamidehydrochloride
Drug-1846	N	Tiapridehydrochloride
Drug-1847	J	AntimycinA
Drug-1848	M,N	Nifenazone
Drug-1849	R	Clemizolehydrochloride
Drug-1850	A	Nefopamhydrochloride
Drug-1852	L	Fadrozolehydrochloride
Drug-1853	C	Dilazepdihydrochloride
Drug-1854	A	Proglumide
Drug-1855	M	Bufexamac
Drug-1856	R	Dropropizine(R,S)
Drug-1857	C	Pinacidil
Drug-1859	G	Ethisterone
Drug-1861	N	Vinpocetine
Drug-1862	C	Fendilinehydrochloride
Drug-1863	C	Vincamine
Drug-1867	R	Homochlorcyclizinedihydrochloride
Drug-1868	N	Spiperone
Drug-1870	N	Glafeninehydrochloride
Drug-1871	R	Pimethixenemaleate
Drug-1872	M	Acemetacin
Drug-1873	N	Fipexidehydrochloride
Drug-1874	-	Diperodonhydrochloride
Drug-1876	A	Telenzepinedihydrochloride
Drug-1877	A	Mebeverinehydrochloride
Drug-1879	C	Clofiliumtosylate
Drug-1882	-	Zoxazolamine
Drug-1883	N	Tacrinehydrochloride
Drug-1885	-	Tremorinedihydrochloride
Drug-1886	-	Zaprinast
Drug-1887	-	N6-methyladenosine
Drug-1888	R	Methapyrilenehydrochloride
Drug-1889	J,A	Minocyclinehydrochloride
Drug-1890	L	Thioguanosine
Drug-1891	R	Mebhydroline1,5-naphtalenedisulfonate
Drug-1892	C	Clopamide
Drug-1893	P	Hycanthone
Drug-1895	J	Rifapentine
Drug-1896	A	Benfluorexhydrochloride
Drug-1897	M	Benzbromarone
Drug-1900	N	Methiothepinmaleate
Drug-1901	C	Nafronyloxalate
Drug-1902	A	Clebopridemaleate
Drug-1903	C	Lidoflazine
Drug-1904	N	GBR12909dihydrochloride
Drug-1905	R	Carbetapentanecitrate
Drug-1909	C	Ketanserintartratehydrate
Drug-1910	-	Hemicholiniumbromide
Drug-1911	P,Q	Oxantelpamoate
Drug-1912	-	Hesperidin
Drug-1913	-	Pepstatin A
Drug-1914	N	Adamantaminefumarate
Drug-1915/2031/1926	A	Androsterone/3-alpha-Hydroxy-5-beta-androstan-17-one/Epiandrosterone
Drug-1916	-	Carbarsone
Drug-1917	C	Suloctidil
Drug-1918	J	Cephalosporanicacid,7-amino
Drug-1920	C	Buflomedilhydrochloride
Drug-1921	N	Dibenzepinehydrochloride
Drug-1923	-	Corticosterone
Drug-1924	B	Cyanocobalamin
Drug-1925	C	Digitoxigenin
Drug-1927	R	Clobutinolhydrochloride
Drug-1928	-	Gabazinebromide
Drug-1929	N	Hydroxytacrinemaleate(R,S)
Drug-1931	D	Meclocyclinesulfosalicylate
Drug-1932	G	Dinoprosttrometamol
Drug-1933	A	TropisetronHCl
Drug-1934	A,S,V	Hyoscyamine(L)
Drug-1936	P	Niridazole
Drug-1937	L	Vatalanib
Drug-1938	A	Itopride
Drug-1939	M	Fentiazac
Drug-1940	-	Raclopride
Drug-1941	Q	Closantel
Drug-1942	N	Serotoninhydrochloride
Drug-1943	M	Rofecoxib
Drug-1944	N	Benperidol
Drug-1945	J,A	Colistinsulfate
Drug-1947	P	Artemisinin
Drug-1948	R	Ethamivan
Drug-1950	V	Etifenin
Drug-1951	R	Metaproterenolsulfate,orciprenalinesulfate
Drug-1952	J	Sisomicinsulfate
Drug-1953	N	Bromperidol
Drug-1954	M	Norcyclobenzaprine
Drug-1955	N	Clozapine
Drug-1956	A	Trolox
Drug-1957	-	Pirenperone
Drug-1958	-	Isoquinoline,6,7-dimethoxy-1-methyl-1,2,3,4-tetrahydro,hydrochloride
Drug-1959	N	Phenacetin
Drug-1960	P	Atovaquone
Drug-1962	Q	Clorsulon
Drug-1964	A	Pregnenolone
Drug-1965	A	Parthenolide
Drug-1967	A	Nifuroxazide
Drug-1969	-	DO897/99
Drug-1970	C	Prenylaminelactate
Drug-1971	C	Mevastatin
Drug-1972	A,S,V	Atropinesulfatemonohydrate
Drug-1973	S,V	Eserinehemisulfatesalt/Physostigmine
Drug-1977	A	Troglitazone
Drug-1978	L	Dacarbazine
Drug-1979	C	Tenatoprazole
Drug-1980	B	Tranexamicacid
Drug-1982	A	Camylofinechlorhydrate
Drug-1984	D	Etretinate
Drug-1986	Q	Xylazine
Drug-1987	Q	Carbadox
Drug-1989	C	Eburnamonine(-)
Drug-1990	Q	Oxibendazol
Drug-1991	-	Ipsapirone
Drug-1992	J	Loracarbef
Drug-1993	A	Fenipentol
Drug-1994	A	Quipazinedimaleatesalt
Drug-1995	C	Acipimox
Drug-1998	R	Mizolastine
Drug-1999	A	Racecadotril
Drug-2000	N	Aniracetam
Drug-2001	D	Dimethisoquinhydrochloride
Drug-2002	M	Alendronatesodium
Drug-2003	A	Thiorphan
Drug-2004	S	AceclidineHydrochloride
Drug-2005	C	Sulmazole
Drug-2006	A	N-Acetyl-DL-homocysteine Thiolactone
Drug-2007	A	Rebamipide
Drug-2009	-	Picrotoxinin
Drug-2010	A	Benfotiamine
Drug-2011	C	LanatosideC
Drug-2012	C	Benzamilhydrochloride
Drug-2013	M	Suxibuzone
Drug-2014	-	6-Furfurylaminopurine
Drug-2015	P	AvermectinB1a
Drug-2017	C	Tetraethylenepentaminepentahydrochloride
Drug-2018	R	Acefylline
Drug-2019	A	Irsogladinemaleate
Drug-2020	N	Opipramoldihydrochloride
Drug-2023	L	Beta-Escin
Drug-2024	S	Pranoprofen
Drug-2025	P	Secnidazole
Drug-2026	C	Pempidinetartrate
Drug-2028	G	Estropipate
Drug-2029	A	Butylscopolammonium(n-)bromide
Drug-2030	Q	Tylosin
Drug-2032	G	Hexestrol
Drug-2034	A	Succinylsulfathiazole
Drug-2035	N	Famprofazone
Drug-2036	D	Methylbenzethoniumchloride
Drug-2037	D,R	Benzethoniumchloride
Drug-2038	D	Sulfabenzamide
Drug-2039	N	Dipyrone
Drug-2040	Q	Sulfachloropyridazine
Drug-2041	J	Cephalothinsodiumsalt
Drug-2043	C	Althiazide
Drug-2044	-	Isopyrinhydrochloride
Drug-2045	J	Phenethicillinpotassiumsalt
Drug-2048	D	Liranaftate
Drug-2049	A	BalsalazideSodium
Drug-2050	Q	Sulfaquinoxalinesodiumsalt
Drug-2051	C	Metoprolol-(+,-)(+)-tartratesalt
Drug-2053	-	Atractylosidepotassiumsalt
Drug-2054	V	Folinicacidcalciumsalt
Drug-2055	A	Ebselen
Drug-2056	-	Nadide
Drug-2057	Q	Flunixinmeglumine
Drug-2060	Q	Monensinsodiumsalt
Drug-2061	C	Mevalonic-D,Lacidlactone
Drug-2062	D,J	Demeclocyclinehydrochloride
Drug-2066	G	Chlorotrianisene
Drug-2068	A	Pipenzolatebromide
Drug-2069	D	Butamben
Drug-2070	N	Meclofenoxatehydrochloride
Drug-2071	Q	Furaltadonehydrochloride
Drug-2072	D	Ethoxyquin
Drug-2074	J	Sulfameter
Drug-2076	D	Alclometasonedipropionate
Drug-2078	A	Alexidinedihydrochloride
Drug-2079	-	Proadifenhydrochloride
Drug-2080	M	Zomepiracsodiumsalt
Drug-2082	C	Clofibricacid
Drug-2083	D	Merbromin
Drug-2084	A	Drofeninehydrochloride
Drug-2085	-	Cycloheximide
Drug-2087	-	Propidiumiodide
Drug-2088	S	Eucatropinehydrochloride
Drug-2089	A	Lithocholicacid
Drug-2091	M	Pridinolmethanesulfonatesalt
Drug-2092	N	Pyrithyldione
Drug-2093	J	Piromidicacid
Drug-2094	A,D,R,S	Cromolyndisodiumsalt
Drug-2095	C	Bucladesinesodiumsalt
Drug-2097	N	Fosfosal
Drug-2098	H	Deflazacort
Drug-2099	J	Moxalactamdisodiumsalt
Drug-2101	A	Clidiniumbromide
Drug-2102	Q	Sulfamonomethoxine
Drug-2103	R	Oxalaminecitratesalt
Drug-2104	N	Dimethadione
Drug-2105	A	Ethaverinehydrochloride
Drug-2106	N	Butacaine
Drug-2109	-	Tetrahydroxy-1,4-quinonemonohydrate
Drug-2110	M	Indoprofen
Drug-2111	A	Carbenoxolonedisodiumsalt
Drug-2112	V	Iocetamicacid
Drug-2113	N	Olanzapine
Drug-2114	R	Trimeprazinetartrate
Drug-2116	-	Amiprilosehydrochloride
Drug-2117	J	Clinafloxacin
Drug-2118	C,G	Nylidrin
Drug-2123/2124	N	Methylhydantoin-5-(L)/Methylhydantoin-5-(D)
Drug-2127	A	Phthalylsulfathiazole
Drug-2128	R	Luteolin
Drug-2129	R	Ambroxolhydrochloride
Drug-2131	R	Bemegride
Drug-2132	-	Digoxigenin
Drug-2133	P	Meglumine
Drug-2134	A	Dolasetronmesilate
Drug-2135	P,D,G,S	Clioquinol
Drug-2136	M	Diacerein
Drug-2137	A,C,D,H,S	Cortisolacetate
Drug-2138	M	Felbinac
Drug-2139	D	Butylparaben
Drug-2140	N	N-Acetyl-L-leucine
Drug-2141	J	Pipemidicacid
Drug-2142	-	Dioxybenzone
Drug-2143	A	Adrenosterone
Drug-2144	A	Methylatropinenitrate
Drug-2145	A	Hymecromone
Drug-2147	C	Urapidilhydrochloride
Drug-2148	N	Nisoxetinehydrochloride
Drug-2150	J	2-Aminobenzenesulfonamide
Drug-2151	-	Lorglumidesodiumsalt
Drug-2152	-	L(-)-vesamicolhydrochloride
Drug-2154	-	Thioperamidemaleate
Drug-2155	C	Xamoterolhemifumarate
Drug-2156	-	Rolipram
Drug-2157	D	Thonzoniumbromide
Drug-2158	-	Idazoxanhydrochloride
Drug-2159	-	S(-)Eticlopridehydrochloride
Drug-2161	P	Bepheniumhydroxynaphthoate
Drug-2162	A,G	Dehydroisoandosterone3-acetate
Drug-2163	N	Benserazidehydrochloride
Drug-2164	V	Penteticacid
Drug-2167	C	Octopaminehydrochloride
Drug-2170	R	Tyloxapol
Drug-2171	Q	Florfenicol
Drug-2173	H	Deoxycorticosterone
Drug-2174	-	Denatoniumbenzoate
Drug-2175	C	Canrenone
Drug-2176	Q	Enilconazole
Drug-2177	J	Methacyclinehydrochloride
Drug-2178	N	THIPHydrochloride
Drug-2179	C	Pronethalolhydrochloride
Drug-2180	G	Naftopidildihydrochloride
Drug-2181	-	Tracazolatehydrochloride
Drug-2182	-	Zardaverine
Drug-2183	B	Ozagrelhydrochloride
Drug-2184	N	Piribedilhydrochloride
Drug-2185	-	Nitrocaramiphenhydrochloride
Drug-2186	A,S	Nandrolone
Drug-2187	-	Dimapritdihydrochloride
Drug-2188	Q	Oxfendazol
Drug-2189	C	ProscillaridinA
Drug-2191	G	Chlormadinoneacetate
Drug-2192	N	Pizotifenmalate
Drug-2193	C	Cyclopenthiazide
Drug-2195	J	Prothionamide
Drug-2196	J	Lymecycline
Drug-2197	N	Alfadoloneacetate
Drug-2198	N	Alfaxalone
Drug-2199	M	Azapropazone
Drug-2200	N	Meptazinolhydrochloride
Drug-2201	Q	Apramycin
Drug-2202	G	Epitiostanol
Drug-2203	-	Gabexatemesilate
Drug-2204	J	Talampicillinhydrochloride
Drug-2206	R	Deptropinecitrate
Drug-2207	B	Ethamsylate
Drug-2208	C	Etilefrinehydrochloride
Drug-2210	C	Tribenoside
Drug-2211	Q	Tiletaminehydrochloride
Drug-2213	J	Arbutin
Drug-2214	G	Nomegestrolacetate
Drug-2215	M	Alcuroniumchloride
Drug-2216	C	Methyldopatehydrochloride
Drug-2219	A	Tridihexethylchloride
Drug-2221	C	Piretanide
Drug-2222	-	Piperacetazine
Drug-2223	M,S	Oxyphenbutazone
Drug-2225	A	Piperidolatehydrochloride
Drug-2227	N	Meprylcainehydrochloride
Drug-2229	R	Thiethylperazinedimalate
Drug-2230	-	Imidurea
Drug-2232	C	Ciprofibrate
Drug-2234	H	Methiazole
Drug-2235	N	Eserolinefumaratesalt
Drug-2237	-	2-Chloropyrazine
Drug-2238	C,S	Synephrine
Drug-2239	-	Homosalate
Drug-2242	J	Sarafloxacin
Drug-2243	N	Nialamide
Drug-2244	-	Toltrazuril
Drug-2246	N	Mephenytoin
Drug-2247	J	Rifampicin
Drug-2248	Q	Parbendazole
Drug-2249	Q	Ronidazole
Drug-2250	Q	Azaperone
Drug-2253	J	Nadifloxacin
Drug-2254	J	Fleroxacin
Drug-2256	G	EstradiolValerate
Drug-2257	-	Melengestrolacetate
Drug-2258	A	Anethole-trithione
Drug-2259	Q	Diclazuril
Drug-2261	D	Anthralin
Drug-2262	R	Tulobuterol
Drug-2265	N	Nalmefenehydrochloride
Drug-2269	R	Formoterolfumarate
Drug-2270	J	Rufloxacin
Drug-2271	A	Sulfasalazine
Drug-2272	J	Tosufloxacinhydrochloride
Drug-2273	Q	Thiostrepton
Drug-2274	D	Calcipotriene/Calcipotriol
