path:map00230	cpd:C00002
path:map00230	cpd:C00008
path:map00230	cpd:C00011
path:map00230	cpd:C00014
path:map00230	cpd:C00020
path:map00230	cpd:C00035
path:map00230	cpd:C00037
path:map00230	cpd:C00039
path:map00230	cpd:C00044
path:map00230	cpd:C00046
path:map00230	cpd:C00048
path:map00230	cpd:C00053
path:map00230	cpd:C00054
path:map00230	cpd:C00059
path:map00230	cpd:C00064
path:map00230	cpd:C00081
path:map00230	cpd:C00086
path:map00230	cpd:C00104
path:map00230	cpd:C00117
path:map00230	cpd:C00119
path:map00230	cpd:C00130
path:map00230	cpd:C00131
path:map00230	cpd:C00144
path:map00230	cpd:C00147
path:map00230	cpd:C00169
path:map00230	cpd:C00206
path:map00230	cpd:C00209
path:map00230	cpd:C00212
path:map00230	cpd:C00224
path:map00230	cpd:C00242
path:map00230	cpd:C00262
path:map00230	cpd:C00286
path:map00230	cpd:C00288
path:map00230	cpd:C00294
path:map00230	cpd:C00301
path:map00230	cpd:C00330
path:map00230	cpd:C00360
path:map00230	cpd:C00361
path:map00230	cpd:C00362
path:map00230	cpd:C00366
path:map00230	cpd:C00385
path:map00230	cpd:C00387
path:map00230	cpd:C00499
path:map00230	cpd:C00559
path:map00230	cpd:C00575
path:map00230	cpd:C00603
path:map00230	cpd:C00620
path:map00230	cpd:C00655
path:map00230	cpd:C00700
path:map00230	cpd:C00802
path:map00230	cpd:C00942
path:map00230	cpd:C01228
path:map00230	cpd:C01260
path:map00230	cpd:C01261
path:map00230	cpd:C01344
path:map00230	cpd:C01345
path:map00230	cpd:C01367
path:map00230	cpd:C01444
path:map00230	cpd:C01762
path:map00230	cpd:C02091
path:map00230	cpd:C02348
path:map00230	cpd:C02350
path:map00230	cpd:C02353
path:map00230	cpd:C02718
path:map00230	cpd:C03090
path:map00230	cpd:C03373
path:map00230	cpd:C03483
path:map00230	cpd:C03614
path:map00230	cpd:C03794
path:map00230	cpd:C03838
path:map00230	cpd:C04051
path:map00230	cpd:C04376
path:map00230	cpd:C04392
path:map00230	cpd:C04494
path:map00230	cpd:C04640
path:map00230	cpd:C04677
path:map00230	cpd:C04734
path:map00230	cpd:C04751
path:map00230	cpd:C04823
path:map00230	cpd:C05239
path:map00230	cpd:C05512
path:map00230	cpd:C05513
path:map00230	cpd:C05515
path:map00230	cpd:C05516
path:map00230	cpd:C05993
path:map00230	cpd:C06193
path:map00230	cpd:C06194
path:map00230	cpd:C06195
path:map00230	cpd:C06196
path:map00230	cpd:C06197
path:map00230	cpd:C06433
path:map00230	cpd:C06435
path:map00230	cpd:C11821
path:map00230	cpd:C12248
path:map00230	cpd:C15667
